display_name,folder_name,validation_mae,validation_rmse,validation_r2,validation_mape,test_mae,test_rmse,test_r2,test_mape,fit_time_seconds,predict_time_seconds,rank_sum_validation,rank_sum_test
Dummy,00_dummy_regressor,36.99863327159619,46.09959323500424,-0.5329392479010095,0.5848046627588195,38.140610770456746,48.55739254977917,-0.5234773424284487,0.6505909190771523,0.0007715000028838,0.0004827919983654,24,24
Linear,01_linear_regression,26.139847380345493,32.93663244950575,0.2174913559967198,0.5592466553613551,29.404084140518844,36.72266999068728,0.1286476961910871,0.5984474986646119,0.0178314580043661,0.0023937500009196,21,21
Ridge,02_ridge_regression,25.56631818524625,32.36578538944272,0.244380673984898,0.5470963144843959,28.67520881973399,35.90785190279121,0.1668865714879293,0.583075558223919,0.0029444999963743,0.0004855420047533,18,18
Lasso,03_lasso_regression,24.03514182027595,31.125342806656487,0.3011901086907304,0.5100409131411311,26.206524670669115,33.486126121010784,0.275472121019554,0.5600555825596749,0.0270431669996469,0.0023493330008932,13,15
Decision Tree,04_decision_tree,21.33210867826725,28.63985588353544,0.4083397217601624,0.3624695340062309,24.324053444743935,32.03216780250527,0.337023788184781,0.3230646469832678,0.1093292919977102,0.0049819159976323,9,9
KNN,05_knn_regressor,23.504139348426715,31.13974771036587,0.3005431363111674,0.3862020104837542,24.41772111940713,32.35196555903973,0.3237198704407793,0.3660494833921112,0.0007164999988162,0.8322937909979373,14,12
Random Forest,06_random_forest,20.39957296621121,27.28152049707416,0.4631315288008506,0.3465441753488603,22.870508770519468,30.308893666245048,0.4064388710827257,0.3599206227501304,0.8716694169997936,0.1852433329986524,5,3
Gradient Boosting,07_gradient_boosting,20.52547730958501,27.0031171099064,0.4740329272767785,0.3714462507519241,23.708015231302586,30.569207371893317,0.3961992610862606,0.3803870227844641,6.232395999999426,0.0498234579936252,4,6
