rank_test,model_name,strategy,target,n_features,n_train,n_validation,n_test,fit_time_seconds,predict_time_seconds,train_mae,train_rmse,train_r2,train_median_ae,train_explained_variance,train_mape,validation_mae,validation_rmse,validation_r2,validation_median_ae,validation_explained_variance,validation_mape,test_mae,test_rmse,test_r2,test_median_ae,test_explained_variance,test_mape,folder_name,display_name,intercept,best_alpha,solver,coef_l2_norm,max_iter,tol,n_non_zero_coefficients,best_max_depth,best_min_samples_leaf,best_min_samples_split,tree_depth,n_leaves,best_n_neighbors,best_weights,best_p,best_n_estimators,best_max_features,best_learning_rate,best_subsample,rank_validation_rmse,rank_validation_mae,rank_validation_r2,rank_test_rmse,rank_test_mae,rank_test_r2,rank_sum_validation,rank_sum_test
1,RandomForestRegressor,,total_rentals,17,21787,4747,4755,0.8716694169997936,0.1852433329986524,12.673398457344096,17.760635487838215,0.7793820270164104,9.5560673418643,0.7793824913340228,0.332173495393063,20.39957296621121,27.28152049707416,0.4631315288008506,16.279758662347305,0.4966776390340481,0.3465441753488603,22.870508770519468,30.308893666245048,0.4064388710827257,18.01003547929109,0.4669008204959031,0.3599206227501304,06_random_forest,Random Forest,,,,,,,,,5.0,10.0,,,,,,200.0,sqrt,,,2,1,2,1,1,1,5,3
2,GradientBoostingRegressor,,total_rentals,17,21787,4747,4755,6.232395999999426,0.0498234579936252,14.778888558927438,21.15057811775842,0.6871267934822833,11.0870496106577,0.6871267934822833,0.4762146126763163,20.52547730958501,27.0031171099064,0.4740329272767785,16.25149518179886,0.496129093021628,0.3714462507519241,23.708015231302586,30.569207371893317,0.3961992610862606,19.574222752142177,0.4593690051433355,0.3803870227844641,07_gradient_boosting,Gradient Boosting,,,,,,,,3.0,5.0,,,,,,,200.0,,0.05,1.0,1,2,1,2,2,2,4,6
3,DecisionTreeRegressor,,total_rentals,17,21787,4747,4755,0.1093292919977102,0.0049819159976323,10.398712035837422,14.9692474341554,0.8432802168395229,7.5,0.8432802168395229,0.2557270850926856,21.33210867826725,28.63985588353544,0.4083397217601624,16.63636363636364,0.4253437045213527,0.3624695340062309,24.324053444743935,32.03216780250527,0.337023788184781,19.090909090909093,0.4023738548412165,0.3230646469832678,04_decision_tree,Decision Tree,,,,,,,,,10.0,20.0,22.0,1667.0,,,,,,,,3,3,3,3,3,3,9,9
4,KNNRegressor,,total_rentals,17,21787,4747,4755,0.0007164999988162,0.8322937909979373,0.0123991929054974,0.5882739668013305,0.9997579622275338,3.865916490042309e-06,0.9997579627105552,0.0048464843767037,23.504139348426715,31.13974771036587,0.3005431363111674,18.576985027031256,0.3176247880863715,0.3862020104837542,24.41772111940713,32.35196555903973,0.3237198704407793,18.721524839129614,0.3677932733207162,0.3660494833921112,05_knn_regressor,KNN,,,,,,,,,,,,,25.0,distance,2.0,,,,,5,4,5,4,4,4,14,12
5,LassoRegression,,total_rentals,17,21787,4747,4755,0.0270431669996469,0.0023493330008932,20.331871944751946,28.78532447898117,0.4204830451808268,15.652695729928674,0.4204830451808267,0.6851061973641204,24.03514182027595,31.125342806656487,0.3011901086907304,19.520793816141065,0.310280163688396,0.5100409131411311,26.206524670669115,33.486126121010784,0.275472121019554,21.47431056395466,0.3264544225183934,0.5600555825596749,03_lasso_regression,Lasso,64.65965942993529,2.0,,,10000.0,0.0001,9.0,,,,,,,,,,,,,4,5,4,5,5,5,13,15
6,RidgeRegression,,total_rentals,17,21787,4747,4755,0.0029444999963743,0.0004855420047533,20.053079985316327,28.254025312983785,0.4416782485626408,15.456934615191813,0.4416782485626408,0.6324800129078053,25.56631818524625,32.36578538944272,0.244380673984898,21.39414463423313,0.3180566681175348,0.5470963144843959,28.67520881973399,35.90785190279121,0.1668865714879293,24.208418500362612,0.3071203992097113,0.583075558223919,02_ridge_regression,Ridge,64.6596594299346,1000.0,auto,20.69417960121647,,,,,,,,,,,,,,,,6,6,6,6,6,6,18,18
7,LinearRegression,,total_rentals,17,21787,4747,4755,0.0178314580043661,0.0023937500009196,20.08104293018202,28.226446138011383,0.4427676889498929,15.488467916293828,0.4427676889498929,0.6240740153400046,26.139847380345493,32.93663244950575,0.2174913559967198,22.03068469025574,0.312958154202233,0.5592466553613551,29.404084140518844,36.72266999068728,0.1286476961910871,25.143836256336986,0.2936307012270251,0.5984474986646119,01_linear_regression,Linear,64.65965942993176,,,,,,,,,,,,,,,,,,,7,7,7,7,7,7,21,21
8,DummyRegressor,mean,total_rentals,17,21787,4747,4755,0.0007715000028838,0.0004827919983654,28.636894040710335,37.812731952275456,0.0,23.65965942993529,0.0,1.317959320084722,36.99863327159619,46.09959323500424,-0.5329392479010095,32.34034057006471,0.0,0.5848046627588195,38.140610770456746,48.55739254977917,-0.5234773424284487,31.65965942993529,1.1102230246251563e-16,0.6505909190771523,00_dummy_regressor,Dummy,,,,,,,,,,,,,,,,,,,,8,8,8,8,8,8,24,24
